BookName,AuthorName,BookId
dfbdfb,dfbdf,321
BookName,AuthorName,BookId
wefasdcef,wefeaas,321
BookName,AuthorName,BookId
sfdss,ssdf,43
BookName,AuthorName,BookId
erger,erger,43
BookName,AuthorName,BookId
erger,regergregre,5000
BookName,AuthorName,BookId
BookName,AuthorName,BookId
BookName,AuthorName,BookId
BookName,AuthorName,BookId
efwerf,wewe,12
BookName,AuthorName,BookId
regre,erge,40
BookName,AuthorName,BookId
BookName,AuthorName,BookId
sjfhwajhkjd,asdfawfe,8Ws
BookName,AuthorName,BookId
BookName,AuthorName,BookId
nyn,yny,8Ws
BookName,AuthorName,BookId
ytyty,uyun,VPf
BookName,AuthorName,BookId
BookName,AuthorName,BookId
BookName,AuthorName,BookId
eced,ecd,1xVPf
BookName,AuthorName,BookId
BookName,AuthorName,BookId
eced,ecd,1xVPf
